true,false,num
她,他,711
她,塔,2
她,它,8
化,话,5
化,花,5
化,华,4
受,收,56
受,手,2
受,守,1
受,授,4
买,埋,4
买,卖,40
得,的,454
得,地,34
得,淂,1
得,德,2
拿,那,12
拿,哪,2
官,管,5
官,馆,1
官,关,1
乡,想,2
时,是,48
时,侍,1
时,事,13
时,使,1
时,实,1
时,失,1
时,世,20
似,是,3
似,使,1
妙,秒,1
呐,哪,2
呐,那,6
湿,适,1
吓,下,11
他,她,174
他,它,80
他,祂,6
卖,买,59
卖,麦,1
浸,进,1
在,再,92
在,载,3
在,宰,1
又,有,72
又,友,2
又,油,1
冻,东,1
冻,洞,1
收,受,123
收,収,2
菜,彩,1
菜,才,8
菜,采,20
菜,材,1
菜,蔡,1
蜇,蛰,1
晚,碗,2
晚,完,17
晚,玩,6
晚,挽,1
晚,万,2
景,精,1
景,境,3
景,竟,2
叶,腋,1
叶,野,1
问,文,8
做,作,222
做,坐,11
做,座,1
做,昨,2
做,左,1
煎,剪,3
到,道,32
到,倒,19
到,岛,2
副,幅,2
副,福,1
副,付,2
副,符,1
副,复,2
止,之,1
止,只,3
止,至,1
止,治,1
止,指,1
州,洲,3
低,底,16
低,抵,1
地,的,725
地,得,113
先,现,10
先,闲,1
先,蚬,2
啦,拉,11
佛,弗,3
佛,拂,2
请,清,41
请,青,10
请,情,24
请,晴,2
请,轻,1
理,里,71
理,历,7
理,力,1
理,立,1
相,像,5
相,想,27
相,项,1
相,象,1
哪,那,273
把,爸,2
把,吧,56
始,式,1
始,是,1
始,使,2
始,时,4
始,视,1
课,颗,1
课,可,13
课,棵,26
课,客,2
课,科,5
课,堁,1
香,想,5
香,像,2
子,字,21
雨,榆,1
雨,鱼,2
是,时,84
是,使,18
是,师,7
是,事,72
是,十,8
是,式,3
是,失,4
是,实,14
是,市,24
是,室,2
是,似,2
是,士,2
是,石,1
是,识,1
是,适,1
是,世,1
是,湿,2
是,史,1
级,纪,24
级,及,7
级,极,4
有,又,57
有,由,14
有,友,10
有,油,1
有,优,2
有,右,1
庭,婷,1
庭,挺,3
庭,廷,2
庭,亭,1
的,地,154
的,得,346
的,锝,1
的,德,4
的,嘚,2
统,同,2
统,通,6
米,迷,1
会,绘,1
会,回,42
会,悔,1
它,他,224
它,她,32
它,牠,3
公,工,26
公,共,7
公,宫,1
成,城,5
成,承,2
成,称,4
成,乘,1
成,诚,1
重,中,7
重,钟,1
重,仲,1
重,种,3
们,门,130
勿,无,3
勿,物,2
诚,成,3
诚,城,1
想,相,24
想,象,6
想,像,31
想,乡,2
想,香,1
想,向,4
想,箱,1
想,享,1
想,响,1
师,是,9
师,市,1
师,士,5
师,实,2
师,时,1
师,使,1
明,名,10
煮,著,1
煮,煑,2
坏,怀,34
这,着,15
这,者,4
这,折,1
了,乐,12
一,以,65
一,意,5
一,已,3
一,乙,1
一,议,1
再,在,130
离,里,33
离,立,1
离,理,1
离,李,1
坐,做,61
坐,座,59
坐,作,5
除,出,11
除,处,2
除,楚,1
饱,包,13
饱,抱,3
饱,胞,1
改,该,8
租,组,11
租,祖,7
没,美,5
没,每,20
巴,吧,3
教,叫,39
教,交,10
教,较,7
杀,傻,2
杀,刹,2
旧,久,7
旧,就,3
今,近,2
实,使,2
实,是,25
实,师,7
实,実,2
实,事,2
实,时,6
实,失,1
实,试,1
事,时,21
事,是,65
事,世,2
事,实,3
事,市,1
事,食,1
事,士,1
事,视,1
六,流,3
六,柳,1
感,敢,2
感,干,4
感,赶,1
纪,记,12
纪,级,11
纪,机,2
纪,极,1
妨,放,3
妨,方,1
妨,防,3
妨,访,2
将,奖,2
将,讲,1
将,降,1
讲,奖,1
讲,将,5
蜜,密,1
那,哪,211
那,拿,1
那,纳,1
作,做,54
作,坐,2
作,昨,1
赔,陪,2
赔,配,1
近,进,23
近,斤,1
近,今,5
近,紧,1
近,尽,1
踢,提,12
后,候,19
后,猴,1
后,侯,3
退,腿,2
退,推,2
百,白,17
百,佰,4
城,成,19
城,称,1
城,诚,3
喝,和,58
喝,褐,1
喝,何,2
喝,合,1
变,便,7
变,边,1
变,编,1
变,遍,3
直,之,1
直,只,3
直,值,4
直,致,2
直,至,7
以,一,51
以,意,32
以,已,9
以,依,1
以,医,1
以,易,1
号,好,7
费,非,2
费,废,1
兴,行,1
兴,星,1
兴,性,2
很,恨,49
很,狠,11
厂,场,4
厂,厰,1
旅,履,4
声,生,6
光,广,2
汉,韩,20
汉,汗,4
鉴,検,1
鉴,检,1
鉴,鋻,2
吨,顿,1
歌,哥,41
歌,个,3
歌,格,1
候,后,36
候,侯,6
份,分,50
渡,度,6
前,钱,3
建,见,2
建,健,3
啊,阿,58
跤,交,4
跤,较,1
渴,可,3
侍,事,3
主,住,5
主,注,28
主,柱,1
主,助,2
块,快,36
块,筷,1
式,试,18
式,食,1
式,是,3
式,使,1
吗,妈,27
吗,马,108
吗,嘛,7
吗,码,7
吗,骂,2
吗,玛,1
嘛,吗,19
嘛,妈,1
嘛,马,1
嘛,麻,2
点,电,2
点,店,1
点,奌,17
点,典,1
气,起,4
气,其,1
气,器,2
气,気,4
气,汽,4
画,花,3
画,话,2
画,划,1
伸,肾,1
伸,神,2
人,任,6
人,认,2
什,甚,20
什,身,1
腿,退,5
贵,鬼,2
贵,规,1
像,象,171
像,想,53
像,橡,1
像,相,12
像,项,1
像,向,5
牠,它,19
牠,她,1
牠,他,6
花,话,9
花,化,10
花,画,3
花,华,1
叮,盯,1
待,呆,41
待,带,12
待,戴,1
待,代,6
迟,吃,3
迟,尺,1
迟,持,1
远,元,5
远,愿,3
远,逺,1
戴,带,22
戴,袋,1
戴,待,1
狗,够,21
狗,购,1
喜,戏,2
喜,洗,1
喜,习,1
喜,希,2
字,子,117
字,自,1
闻,问,5
闻,文,1
闻,吻,1
镜,睛,12
镜,境,1
名,命,1
名,明,12
渔,鱼,3
轧,压,1
向,像,7
向,想,6
向,响,6
向,乡,2
向,翔,1
向,项,1
向,相,1
者,着,24
者,这,2
正,征,3
正,证,3
篇,片,21
篇,骗,1
篇,偏,5
隔,各,1
隔,个,3
语,育,1
语,于,1
语,与,3
语,愈,1
语,预,1
语,宇,1
楚,出,3
楚,除,2
楚,处,2
试,室,1
试,式,10
试,使,1
试,是,3
试,事,1
试,视,1
试,识,1
噢,哦,2
倒,到,34
于,与,16
于,育,1
于,予,2
认,人,16
认,任,8
刑,形,1
发,発,3
发,法,1
韩,汉,8
着,这,13
着,者,18
让,壤,1
让,嚷,1
让,譲,1
予,与,5
予,于,16
辣,拉,5
辣,啦,2
辣,喇,1
就,旧,2
就,酒,4
就,九,2
就,究,1
完,玩,7
完,晚,5
完,万,2
完,琓,1
从,丛,5
骗,篇,1
骗,偏,3
物,勿,2
物,务,1
道,到,45
道,岛,1
道,导,3
种,中,12
种,钟,5
种,重,2
种,仲,2
剧,具,1
剧,据,9
剧,锯,1
剧,局,1
剧,拒,1
剧,居,1
既,即,45
既,机,1
既,记,2
既,及,1
样,洋,2
样,养,4
样,羊,1
样,佯,1
样,様,7
圆,远,3
圆,院,1
圆,园,5
圆,円,1
圆,元,1
圆,员,1
跟,根,67
不,部,9
不,补,2
不,逋,1
不,步,1
不,布,1
和,河,3
和,喝,14
和,何,7
和,合,6
和,核,1
和,盒,1
和,禾,2
鞋,写,2
极,级,13
极,及,20
极,机,2
极,记,1
极,激,1
极,既,1
极,积,4
聋,龙,2
称,成,11
称,承,1
里,理,67
里,李,1
里,厘,1
里,礼,1
里,力,3
里,离,1
分,份,65
皇,黄,1
听,停,2
听,厅,1
听,亭,1
听,挺,4
听,庭,1
听,聴,4
听,聼,2
烤,考,7
烤,铐,1
题,提,21
题,体,1
锹,愀,1
果,过,3
果,国,1
果,菓,1
姥,老,17
期,其,27
期,起,1
期,欺,1
期,祈,1
久,九,2
久,就,10
久,旧,3
症,征,1
辞,词,1
挞,塔,1
个,各,40
个,格,6
个,隔,1
矛,茅,5
矛,毛,3
矛,茂,1
吧,把,102
吧,巴,8
吧,芭,1
吧,罢,1
才,材,11
才,猜,2
才,菜,1
才,采,2
订,丁,1
订,定,12
订,顶,4
妈,吗,13
妈,码,1
借,接,7
借,劫,1
借,姐,2
借,街,1
训,寻,1
管,关,14
管,观,1
管,棺,1
管,馆,4
管,官,4
架,家,2
架,假,1
架,加,2
备,被,1
备,背,1
备,倍,1
恢,回,35
恢,灰,2
队,对,14
挑,跳,3
挑,条,2
使,是,15
使,实,6
使,事,2
使,时,5
使,式,1
使,适,1
新,心,9
新,芯,1
新,薪,2
新,信,1
意,义,11
意,以,6
意,益,2
意,一,5
意,衣,1
意,艺,2
意,已,1
意,议,3
笨,苯,2
笨,本,2
橙,成,1
橙,澄,1
落,洛,1
乐,了,8
馆,官,2
馆,管,14
但,单,5
但,淡,1
但,旦,5
但,担,11
累,类,3
累,雷,2
累,蕾,1
马,吗,16
马,妈,1
马,码,2
每,美,1
每,没,24
每,毎,1
每,梅,1
编,变,3
叫,教,9
叫,交,4
叫,角,1
型,性,3
型,行,4
型,形,6
住,注,5
住,主,23
住,驻,9
住,柱,1
住,祝,1
住,著,1
爸,巴,2
爸,吧,1
爸,把,1
器,气,3
器,奇,1
打,大,24
二,而,3
二,儿,8
良,梁,1
良,凉,1
苹,平,3
树,属,1
树,数,1
树,书,5
树,竖,1
台,太,2
台,抬,1
只,智,1
只,衹,1
只,知,2
只,直,1
只,之,3
只,指,3
只,支,4
只,执,1
只,枝,1
只,肢,2
只,止,2
只,至,2
只,祗,1
我,卧,1
我,沃,2
我,握,5
话,化,11
话,花,6
话,华,1
优,忧,5
优,友,1
优,有,5
优,尤,1
钟,种,28
钟,中,12
钟,锺,3
钟,仲,1
钟,衷,2
姓,性,31
姓,兴,2
姓,星,1
扒,吧,1
家,加,3
家,嫁,1
鸡,及,1
鸡,肌,3
市,室,3
市,事,1
市,是,1
骑,起,9
骑,其,2
骑,奇,3
骑,汽,2
骑,欺,1
即,既,26
即,及,1
即,级,1
啰,罗,3
拙,桌,1
柿,是,4
杯,被,8
杯,倍,1
功,工,20
功,攻,1
十,是,7
十,时,2
十,市,1
愿,原,23
愿,源,1
摸,莫,2
摸,膜,1
摸,抹,1
摸,摩,1
读,度,4
读,赌,1
越,月,3
箱,想,3
塞,赛,4
七,起,1
七,旗,1
初,出,2
初,处,1
被,呗,2
被,背,2
枪,抢,6
绝,决,21
绝,诀,1
绝,觉,1
占,站,8
占,沾,1
衷,中,13
衷,忠,2
钱,前,5
钱,欠,1
钱,千,1
钱,銭,1
带,戴,2
带,代,6
带,帯,2
带,袋,1
带,待,2
店,点,20
店,电,2
难,男,4
华,滑,1
华,花,3
室,式,1
室,师,3
室,是,1
响,像,4
响,向,18
响,飨,1
响,乡,1
响,想,3
响,象,1
采,菜,2
采,彩,5
咏,永,1
养,样,2
养,洋,1
养,杨,1
养,羊,2
些,写,13
些,谢,1
客,可,4
客,棵,1
客,克,4
饭,反,18
蛮,满,25
蛮,瞒,1
至,只,6
至,致,14
至,之,3
至,置,1
至,直,1
至,止,1
搬,般,4
搬,班,3
搬,办,3
楼,搂,1
楼,喽,1
维,为,2
维,卫,1
维,惟,1
含,涵,3
含,函,2
礼,理,2
礼,李,1
回,会,45
回,恢,1
回,悔,1
回,汇,2
回,囬,1
畏,谓,1
剁,朵,1
伤,上,4
步,部,6
步,不,5
步,布,5
湖,胡,5
飘,漂,2
飘,瓢,1
中,仲,6
中,众,1
中,钟,1
中,种,3
议,以,1
议,义,14
议,意,6
延,盐,1
省,生,1
省,剩,1
路,陆,1
去,取,13
去,娶,2
去,区,7
派,排,3
速,素,1
布,不,2
布,补,1
布,步,1
任,人,8
任,认,6
晴,青,5
晴,清,3
晴,请,2
决,抉,1
决,觉,12
决,绝,8
决,诀,1
机,级,2
机,计,2
机,记,3
机,几,6
酷,苦,1
药,要,14
原,元,3
原,愿,10
原,冤,2
原,源,3
原,缘,2
幅,副,2
幅,复,1
懂,动,5
懂,董,11
懂,东,1
恨,狠,2
恨,很,5
并,兵,1
并,病,1
星,腥,2
星,形,1
星,行,3
信,新,8
信,心,20
信,伩,2
平,评,3
月,悦,1
月,约,1
月,越,2
真,镇,5
尔,儿,5
尔,而,2
孩,亥,1
孩,还,2
部,不,7
部,步,3
部,补,1
慌,荒,3
慌,谎,1
象,像,67
象,想,3
象,相,5
象,向,1
快,块,11
达,大,7
达,打,2
达,迖,1
达,逹,1
依,一,3
依,衣,4
依,以,4
负,复,1
负,付,3
负,服,1
负,赋,1
负,副,1
笑,消,1
笑,小,2
笑,效,1
嫌,闲,1
适,试,3
适,时,1
雪,学,9
指,制,1
指,执,2
指,支,1
指,只,1
指,职,1
出,除,3
出,处,2
洗,系,1
洗,西,1
进,浸,1
进,近,15
进,紧,1
进,尽,2
进,禁,1
助,主,3
助,住,2
注,主,14
注,著,1
注,住,1
风,锋,1
风,凤,4
也,业,4
也,页,1
也,叶,1
也,冶,1
习,系,1
习,西,1
习,吸,1
谅,凉,1
谅,量,3
棵,颗,3
棵,课,2
棵,刻,1
小,嚣,2
小,笑,2
小,校,2
小,消,1
昨,作,19
昨,做,7
昨,坐,1
可,渴,1
可,课,2
可,克,1
可,客,1
可,刻,1
窸,悉,1
觉,决,6
觉,覚,17
觉,绝,1
现,先,10
现,显,1
连,练,1
连,脸,2
连,莲,1
连,联,3
连,链,3
销,消,5
跑,庖,1
跑,炮,1
跑,泡,1
门,们,14
令,另,6
令,领,1
蝗,黄,1
衣,一,1
班,版,3
班,半,7
班,办,7
班,斑,3
班,般,1
班,板,1
聊,料,1
放,方,20
放,防,1
均,军,1
矬,错,1
清,请,4
清,青,1
籍,藉,3
融,溶,5
融,容,1
映,应,6
映,影,4
映,英,1
挺,听,6
挺,廷,1
挺,停,1
挺,艇,1
测,侧,1
猜,才,3
猜,睬,1
或,活,2
或,惑,2
绑,帮,1
儿,而,2
儿,児,2
儿,二,4
两,辆,2
呆,带,8
呆,戴,2
呆,岱,2
呆,待,1
大,打,13
大,达,4
大,答,1
手,收,1
手,首,8
手,受,1
提,替,1
提,题,10
提,体,1
干,敢,1
干,赶,3
干,感,1
斯,思,1
斯,私,1
伊,以,1
整,正,4
唱,常,2
唱,尝,1
唱,昌,8
唱,场,1
竞,竟,5
竞,兢,1
竞,经,1
及,极,2
及,几,1
及,即,5
及,级,3
及,机,1
经,径,2
经,精,3
经,経,1
与,于,31
与,舆,2
与,鱼,1
答,打,3
答,大,1
答,达,2
涨,胀,1
涨,张,3
涨,长,2
体,题,1
体,提,2
父,傅,1
父,夫,2
弯,湾,2
捷,杰,2
捷,接,1
法,发,12
梨,黎,1
梨,李,1
梨,犁,1
高,搞,5
高,髙,2
盂,于,2
历,立,1
历,理,3
历,里,1
历,歴,3
历,力,3
历,厉,6
历,磿,1
天,田,1
天,甜,1
登,等,2
登,蹬,1
西,系,5
西,溪,2
西,习,1
饿,俄,12
元,园,5
元,远,6
元,円,1
元,圆,2
墙,枪,1
考,靠,6
考,拷,1
考,攷,1
弟,第,5
边,便,5
边,变,3
边,遍,2
论,轮,3
论,伦,6
白,百,11
食,事,6
食,饰,1
食,使,1
食,实,1
文,问,9
文,闻,1
文,温,1
几,机,6
几,急,1
几,及,1
迅,讯,1
余,与,1
余,于,3
余,鱼,1
余,馀,2
背,被,5
背,悲,1
背,辈,1
背,备,1
境,景,2
境,竟,6
境,镜,1
境,璟,1
力,利,11
力,立,1
力,礼,1
力,历,4
力,里,1
球,求,17
太,台,2
太,态,8
痛,通,15
仇,酬,1
仲,钟,1
度,渡,52
度,读,3
坡,破,3
安,按,13
安,胺,1
薯,署,3
薯,熟,1
杨,扬,2
漂,票,14
漂,飘,1
宴,筵,5
怕,帕,2
祂,它,1
祂,他,2
捆,困,1
倍,备,1
倍,杯,1
都,逗,1
都,斗,1
最,醉,1
长,张,19
呀,牙,4
过,国,9
街,节,2
座,坐,18
座,做,2
座,左,3
荫,阴,1
酿,娘,1
院,远,2
院,元,1
院,原,1
院,园,2
堵,独,1
堵,读,1
误,五,1
误,无,1
误,悟,1
念,年,6
迈,买,1
须,需,32
卓,桌,1
句,局,3
句,拘,1
交,教,2
交,较,1
交,叫,6
篮,蓝,7
同,通,13
同,统,1
骂,吗,2
轻,青,17
轻,请,1
轻,情,2
值,只,1
值,直,9
第,弟,30
第,递,1
包,抱,12
包,保,3
包,饱,2
包,爆,1
各,格,2
各,个,19
命,名,1
梵,范,1
跳,条,2
跳,挑,6
祝,住,3
祝,主,1
谱,普,2
瓷,磁,1
帖,贴,1
阿,啊,4
窗,床,2
猛,掹,1
码,吗,2
码,马,2
夫,复,1
夫,伕,2
蒋,将,1
猫,貌,1
猫,毛,2
猫,渵,1
结,节,1
结,接,1
下,吓,1
下,夏,3
茶,查,2
茶,差,1
玩,完,13
玩,晚,3
校,小,3
校,笑,2
校,效,1
好,号,7
好,毫,2
好,浩,1
径,经,2
径,迳,1
碑,被,1
奔,本,1
右,有,3
右,友,1
工,公,8
工,攻,1
工,功,3
忙,恾,1
赞,攒,1
赞,賛,3
诫,戒,2
抹,沫,1
抹,末,4
抹,莫,1
肖,萧,1
挎,垮,1
堆,对,2
围,位,1
围,伟,3
围,韦,1
围,为,1
牙,呀,10
牙,芽,1
友,有,27
友,游,2
友,尤,1
纹,文,2
族,组,1
族,祖,2
状,装,3
状,壮,8
担,但,24
担,旦,2
担,胆,2
旷,矿,1
次,词,2
次,此,3
捡,检,2
南,男,1
南,难,1
赛,塞,8
兑,对,3
饶,绕,5
祀,司,1
海,嗨,1
计,记,1
计,机,1
易,一,2
易,义,1
易,意,2
易,议,1
转,专,3
转,砖,3
衫,杉,1
匮,溃,2
间,件,11
间,建,1
间,简,7
因,铟,1
石,是,1
净,境,1
净,警,1
净,竟,1
馅,陷,3
假,家,2
刚,钢,2
刚,港,1
留,流,5
留,溜,1
留,畄,2
复,负,3
复,腹,1
复,副,1
复,服,1
厘,里,1
应,映,5
应,応,1
应,影,1
排,派,1
排,拍,3
排,牌,2
赶,敢,4
赶,干,1
赶,感,1
诈,炸,1
厉,利,9
厉,励,7
厉,历,34
厉,力,1
位,为,11
已,以,21
已,一,3
已,亦,1
已,意,1
遮,蔗,1
傅,父,1
利,立,1
利,力,33
利,厉,1
利,例,1
利,理,5
仿,放,3
仿,方,1
仿,妨,2
仿,枋,1
仿,访,1
仿,防,1
貌,贸,1
吃,尺,1
吃,迟,2
吃,持,2
吃,赤,1
抱,报,1
抱,包,5
抱,保,1
雅,呀,1
仅,斤,1
仅,尽,9
浅,钱,1
谚,彦,1
五,无,9
辆,两,4
张,长,5
张,涨,1
张,章,3
张,帐,1
错,措,1
房,方,3
房,放,1
房,坊,1
支,枝,6
支,只,3
支,之,1
词,次,5
词,此,1
务,物,5
务,屋,1
拉,啦,2
板,伴,2
板,扮,1
擀,干,1
颂,送,1
踩,才,1
生,声,3
生,胜,1
生,剩,1
甩,摔,1
甩,帅,1
世,逝,5
世,十,1
世,势,1
世,市,1
世,时,1
耳,而,1
证,正,7
证,征,4
瓶,坪,1
刀,到,1
电,点,7
面,绵,3
查,差,4
查,察,7
启,起,5
烟,焰,1
烟,咽,43
烟,验,1
遇,语,1
遇,隅,1
推,退,3
县,线,1
县,県,1
饼,冰,1
饼,并,6
通,痛,1
通,童,1
通,同,4
遍,边,17
遍,编,1
遍,便,2
表,标,1
博,波,3
博,播,3
趟,躺,3
红,荭,1
红,虹,1
音,因,1
音,饮,1
音,银,1
幸,行,1
幸,兴,3
播,博,1
播,搏,1
浓,弄,1
浓,农,1
浏,流,1
吉,击,1
盗,道,1
盗,倒,1
导,到,3
导,道,3
导,倒,1
挤,急,3
挤,极,1
忘,亡,2
忘,望,3
扔,仍,17
熟,孰,2
掌,长,1
笼,龙,19
披,皮,2
催,崔,1
诗,是,2
诗,试,1
蹈,到,1
停,挺,1
停,听,3
停,庭,1
首,手,7
首,受,2
首,守,1
轿,饺,1
轿,矫,1
美,每,1
美,没,3
胜,声,2
胜,盛,2
胜,生,1
图,図,1
爱,哎,1
运,云,7
站,战,3
站,占,3
站,戦,1
抚,扶,3
件,见,4
件,间,2
剩,省,3
剩,胜,1
合,和,9
靠,考,2
翻,反,2
翻,番,1
惹,热,1
颗,课,1
颗,棵,3
珍,真,8
珍,诊,1
模,抹,1
模,摸,10
模,莫,3
模,漠,1
模,摹,1
趁,陈,1
伦,论,15
链,连,6
溜,留,1
溜,流,3
溜,刘,1
突,凸,1
突,兔,1
老,姥,1
老,劳,1
喂,位,2
喂,为,3
迷,米,4
迷,谜,1
瘦,受,2
缘,冤,1
缘,原,3
搭,打,4
搭,答,1
底,低,12
底,抵,2
蛇,舍,1
妻,期,1
妻,棋,1
接,借,1
接,结,2
接,解,3
竟,竞,2
竟,境,4
躺,趟,7
躺,倘,1
火,活,1
火,惑,1
弗,佛,1
剑,建,1
书,输,1
书,术,1
书,树,1
咸,线,1
要,药,1
要,腰,1
要,邀,1
享,项,1
享,乡,1
哥,个,1
哥,歌,1
哥,格,1
划,画,5
划,话,1
汇,回,3
汇,会,1
你,妳,4
你,伱,2
短,断,3
短,段,4
狼,郎,2
用,佣,2
用,勇,1
情,请,11
情,青,3
情,清,9
罐,灌,1
估,谷,1
幕,母,5
幕,目,1
充,冲,2
云,运,5
云,芸,1
谨,禁,1
谨,堇,1
血,雪,1
塔,它,3
据,局,1
据,居,2
据,剧,1
据,拠,1
戏,喜,2
戏,习,1
戏,嬉,1
戏,系,1
希,稀,3
希,喜,2
琅,浪,1
铭,名,11
禧,溪,1
基,极,1
基,机,4
需,须,38
需,许,7
炉,路,1
立,力,8
立,利,1
写,冩,1
写,些,5
写,协,2
写,歇,1
国,过,12
淘,陶,5
淘,掏,1
惊,精,1
惊,境,1
穿,传,3
办,搬,2
办,版,1
办,半,1
办,班,4
关,管,2
关,関,5
关,观,9
关,官,1
炒,吵,2
炒,抄,1
起,期,3
起,骑,1
起,奇,1
起,气,2
起,齐,6
起,岂,1
起,其,1
娶,取,2
附,福,1
附,付,7
附,俯,2
附,副,2
附,符,2
之,只,7
之,至,4
之,知,2
之,止,1
之,直,1
灵,另,1
灵,霛,1
摩,磨,8
摩,模,1
妇,赋,2
褪,退,2
荨,寻,1
渚,猪,1
托,拖,3
托,讬,1
学,雪,3
学,削,1
艺,亿,2
艺,兿,1
艺,绎,1
艺,义,1
辅,副,2
亦,依,1
该,改,8
该,概,3
热,惹,1
偷,投,2
酒,就,3
涌,拥,3
线,缐,1
线,现,1
炼,练,8
置,致,1
置,值,1
科,课,5
岛,导,1
岛,道,2
挣,睁,1
挣,整,1
挣,争,4
杜,赌,1
榨,搾,1
缺,却,2
廷,听,1
上,赏,1
上,伤,1
微,威,3
微,为,2
古,顾,1
古,故,2
古,骨,1
战,站,5
战,戦,2
啬,色,1
奥,澳,1
按,安,8
健,建,58
健,间,1
健,键,4
壮,撞,1
壮,状,1
园,元,7
园,圆,8
园,原,1
园,院,5
园,员,1
共,功,1
共,工,1
共,供,3
共,公,6
兰,澜,2
差,查,5
差,茶,1
差,叉,1
差,茬,1
恤,叙,1
急,集,1
急,极,1
松,送,4
糖,唐,1
糖,躺,1
抢,枪,1
抢,强,1
浴,欲,4
浴,裕,3
浴,雨,2
沾,站,1
沾,占,1
粘,站,1
薪,新,2
段,断,3
段,短,3
视,试,1
视,实,1
视,是,2
视,识,1
季,级,2
季,际,1
示,师,1
示,视,2
示,式,1
全,权,1
饺,铰,1
饺,较,1
饺,交,1
慕,幕,1
慕,墓,1
慕,暮,1
慕,目,4
为,味,1
为,未,1
为,位,1
为,伪,3
为,唯,1
为,谓,1
为,围,1
札,扎,2
痴,吃,2
痴,迟,1
活,获,1
活,或,2
活,火,1
疲,皮,1
凉,谅,1
凉,亮,1
彩,菜,1
彩,采,6
额,俄,1
万,完,2
批,匹,2
批,披,1
性,形,2
性,兴,1
性,型,1
性,星,1
性,姓,3
性,行,1
驶,使,1
睡,水,1
挡,档,5
挡,当,1
效,効,2
效,校,1
效,傚,1
娜,那,2
摇,遥,2
祛,去,1
拍,派,7
拍,牌,2
士,石,1
士,史,3
士,识,1
士,师,2
士,仕,3
油,又,1
油,有,1
油,由,6
涂,途,1
早,造,2
方,放,8
方,防,1
灯,等,3
枝,指,1
枝,支,1
枝,之,1
趴,爬,1
爬,怕,1
传,船,1
滑,花,1
救,就,5
臂,毙,1
补,不,1
补,捕,1
奇,气,2
剥,拨,1
讯,询,1
更,耕,1
更,梗,1
流,留,5
流,硫,1
拌,扳,1
拌,伴,1
飙,飑,1
志,止,1
志,只,1
志,质,1
对,队,5
对,対,2
对,堆,1
争,挣,2
争,征,1
口,扣,2
梅,霉,1
梅,眉,1
驼,鸵,1
鱼,渔,2
见,检,1
见,简,1
见,件,2
见,捡,1
见,间,1
见,建,1
京,景,1
丁,叮,2
车,扯,1
神,深,1
神,身,1
颜,眼,1
录,禄,1
常,偿,1
缆,蓝,1
棒,帮,7
而,儿,1
而,二,1
桥,乔,1
哇,娃,1
喊,含,1
旁,庞,1
当,党,1
当,儅,1
当,档,1
当,挡,1
龙,笼,1
阅,越,1
碗,腕,2
碗,完,2
等,邓,1
粉,分,1
佐,作,2
筋,斤,1
睛,镜,2
卷,巻,1
单,単,1
单,但,1
单,僤,1
单,淡,1
单,担,1
劲,尽,1
广,広,4
广,光,1
代,带,1
代,待,2
粪,粉,1
系,西,1
系,习,2
汤,唐,1
服,复,6
服,腹,1
壁,笔,1
澳,奥,3
岔,差,1
宿,诉,1
俄,饿,3
俄,鄂,1
裂,烈,1
裂,列,1
鳖,憋,1
陵,凌,1
取,去,3
撕,斯,1
猴,侯,1
猴,候,1
糊,胡,2
糊,湖,1
糊,虎,1
残,惨,4
装,壮,1
番,蕃,2
番,藩,1
番,反,1
番,翻,3
耗,蚝,2
蕉,焦,2
由,有,12
由,油,3
由,尤,1
犯,范,3
犯,烦,1
叟,搜,1
歩,不,1
宠,冲,1
苞,包,1
洋,样,2
洋,羊,1
野,也,1
沫,末,1
肠,场,1
砂,沙,1
籽,子,2
邦,棒,1
邦,帮,1
源,原,6
源,缘,2
饵,耳,1
氛,忿,1
氛,愤,1
般,半,4
般,班,1
般,伴,1
般,搬,3
谢,写,1
愉,与,1
愉,逾,1
愉,喻,1
愉,娱,2
愉,愈,1
愉,俞,2
角,跤,3
角,脚,1
躲,朵,2
躲,跺,1
泡,跑,3
撒,潵,2
加,家,4
佬,老,1
多,夺,2
多,躲,1
青,清,2
青,轻,3
青,情,6
耶,也,3
毫,豪,2
稿,槀,1
根,跟,16
罚,发,3
樱,桜,1
擅,善,3
漓,离,2
史,室,1
史,使,2
史,世,1
逗,斗,1
逗,豆,1
泰,太,1
抠,扣,1
练,联,1
练,连,1
练,炼,3
址,质,1
址,止,1
吐,突,1
吐,土,1
渐,见,1
宾,槟,1
宾,滨,2
猪,诸,1
尽,劲,1
尽,禁,1
尽,侭,1
尽,仅,1
尽,紧,3
尽,近,1
懒,揽,1
忠,中,1
袋,带,5
克,客,3
裤,库,1
罪,醉,2
笔,比,3
混,魂,1
旦,但,10
旦,丹,2
弊,蔽,1
弊,敝,3
弊,币,1
节,接,3
节,结,2
暴,爆,3
煞,刹,1
谎,慌,5
休,修,1
腰,要,1
烂,蓝,1
年,念,1
却,缺,3
却,确,3
看,砍,1
惜,喜,1
送,宋,1
暑,署,6
暑,薯,1
福,富,5
福,副,2
福,幅,2
福,服,4
抄,吵,1
照,招,2
照,找,1
侄,至,1
侄,之,1
橘,句,1
搞,高,3
搞,稿,1
害,还,3
入,如,1
辑,集,1
联,练,1
联,连,7
嫁,家,1
嫁,假,1
检,坚,1
检,捡,1
检,俭,1
肝,干,1
摄,慑,1
隐,阴,1
帐,账,2
羊,洋,1
羊,样,2
心,新,6
心,信,2
八,把,2
动,东,2
赐,刺,1
断,短,1
断,段,4
案,安,7
艰,坚,5
啡,非,2
啡,飞,1
蝴,胡,1
逼,鼻,1
逼,避,1
漫,慢,4
漫,曼,1
漫,蔓,1
芒,忙,1
其,气,1
其,起,2
其,期,3
定,订,4
定,顶,2
邱,球,1
淇,期,1
陪,赔,1
陪,培,3
陪,配,2
零,领,1
零,令,1
烫,汤,2
义,艺,1
义,意,10
义,一,1
义,议,7
本,笨,1
异,已,1
异,意,2
异,义,1
异,翼,1
津,劲,1
冬,东,1
泳,永,1
游,有,4
咧,列,1
胆,担,1
纬,维,1
章,张,4
伴,半,3
富,副,3
富,福,7
财,才,2
财,材,2
汽,气,4
枕,针,1
还,海,1
够,沟,1
够,构,1
蔬,数,1
蔬,疏,8
忧,优,5
忧,尤,1
忧,悠,1
赢,营,1
赢,盈,1
阵,镇,1
胡,湖,2
肉,柔,1
集,几,1
半,般,4
半,伴,3
晋,金,1
喱,里,1
三,散,3
票,漂,1
票,瓢,1
来,莱,2
来,徕,2
专,转,2
专,専,1
妳,你,1
招,找,4
招,昭,1
招,照,1
男,难,3
丽,李,1
丽,力,1
哄,洪,1
四,死,1
死,四,1
死,思,1
捣,岛,1
母,姆,1
母,幕,1
馒,漫,2
哎,欸,1
哎,嗳,1
哎,艾,2
厅,听,3
预,予,4
唉,埃,2
唉,欸,2
秤,称,2
必,比,4
必,毕,2
必,避,1
标,表,3
绵,面,1
守,受,6
守,手,1
摊,毯,2
甚,什,4
掩,淹,1
掩,演,1
告,高,1
告,诰,1
簿,捕,1
沟,购,2
沟,勾,3
沟,构,6
沟,够,2
缴,交,1
找,招,1
找,照,1
瞒,满,2
卑,碑,1
垫,点,1
圣,生,2
医,艺,2
慢,漫,1
慢,满,2
操,草,1
操,槽,1
盈,赢,2
格,个,2
格,各,2
秋,求,1
秋,球,1
豆,斗,1
琴,秦,1
顿,吨,1
观,管,1
观,覌,8
观,关,13
疯,风,3
莱,来,1
卫,为,1
卫,微,1
行,星,7
行,幸,1
行,性,2
行,形,1
刷,耍,1
脸,连,1
煲,堡,1
田,天,2
帮,邦,5
帮,棒,3
丛,从,1
版,板,1
自,子,2
稀,希,1
幼,有,1
童,同,3
秃,涂,1
澡,燥,1
澡,藻,1
澡,早,1
病,并,1
知,只,3
知,智,2
知,之,1
栏,兰,1
栏,拦,1
脏,赃,1
脏,臓,2
虾,吓,3
庵,俺,1
报,饱,1
报,抱,1
条,跳,1
特,忒,1
盒,合,1
盒,和,1
数,书,1
数,熟,1
数,属,1
昭,照,2
檬,蒙,1
谍,碟,2
桌,卓,5
磨,摩,1
凤,风,1
互,护,1
互,户,1
努,怒,5
刹,杀,2
虽,随,4
哭,苦,3
蒲,浦,1
叹,谈,1
拜,拝,1
拜,百,1
场,厂,2
汗,韩,1
唯,为,3
唯,维,5
腕,碗,1
飞,非,1
程,称,1
程,成,9
程,逞,1
河,和,1
河,何,1
河,诃,1
甥,省,1
仕,事,1
塘,糖,1
厚,后,1
怀,坏,5
保,包,2
保,抱,1
保,宝,1
询,讯,2
肿,种,1
雄,熊,1
填,添,3
侯,后,1
朝,超,1
轮,伦,3
轮,论,1
较,交,1
较,姣,2
柱,住,1
瞪,登,1
处,出,3
处,処,4
惨,参,2
影,硬,1
影,映,2
影,应,3
非,费,1
非,飞,1
非,菲,2
奖,将,3
奖,江,1
奖,奨,2
奖,讲,1
酱,浆,1
午,无,2
欢,歓,1
欢,环,1
棋,旗,1
棋,其,1
棋,期,1
简,间,3
恼,脑,25
恼,悩,1
眉,美,1
欲,预,1
欲,遇,1
营,営,1
挨,埃,3
灌,潅,1
灌,贯,1
折,着,1
淡,单,2
别,憋,1
筒,通,1
锯,钜,1
温,问,1
领,令,2
领,灵,1
扑,铺,1
左,坐,1
失,逝,1
失,矢,7
阳,仰,1
髓,随,1
虹,红,2
妆,装,2
侣,吕,1
积,极,1
积,机,1
郎,浪,3
郎,狼,1
郎,朗,2
撞,装,1
婶,神,3
何,喝,1
何,和,2
何,合,2
何,河,1
莉,利,1
稼,家,1
磅,榜,1
磅,棒,1
炎,言,1
员,原,1
员,远,1
员,圆,1
员,院,1
返,反,3
核,荷,1
矮,爱,1
胀,张,1
胀,涨,1
蹬,等,1
材,才,2
疏,叔,1
疏,熟,1
疏,梳,1
沮,居,1
夜,也,1
贯,关,1
制,质,3
制,治,1
制,至,1
制,止,1
便,弁,2
便,边,3
便,变,1
载,在,1
噌,曾,1
喉,候,1
钢,刚,2
钢,纲,2
末,摸,1
荒,皇,2
荒,黄,1
荒,慌,1
职,值,1
网,旺,1
比,必,2
比,毕,1
另,令,2
糕,高,1
糕,羔,1
糕,搞,1
稻,稲,1
稻,蹈,1
呈,称,1
乌,务,1
然,燃,2
商,上,1
仆,扑,1
孔,空,1
鹅,额,4
故,古,6
故,固,1
切,且,1
庄,桩,1
牌,拍,1
育,于,1
挚,至,2
纽,妞,1
淑,叔,1
宋,送,1
苗,描,1
冈,岗,1
乘,承,1
签,扦,1
缝,逢,2
羿,一,1
岂,其,2
蹲,顿,1
兼,建,1
兼,坚,1
未,味,2
未,为,1
升,生,1
耻,尺,1
聪,从,2
攻,功,1
玛,马,1
杭,航,1
婉,玩,1
伍,五,1
付,附,2
付,服,2
付,负,4
付,复,3
拳,券,1
糟,澡,1
糟,遭,2
戾,力,1
例,里,1
例,利,2
斑,班,1
邀,要,1
滨,濒,1
滨,宾,1
评,平,3
往,网,3
往,望,1
智,知,2
智,致,1
获,货,1
熙,喜,1
插,茶,1
减,见,2
亿,一,1
趣,趋,1
趣,取,1
德,得,4
犹,有,1
犹,尤,1
饰,式,1
饰,师,1
绕,饶,1
罗,萝,1
庙,苗,1
赚,转,2
秦,亲,2
忍,人,1
忍,认,3
呦,有,1
朋,碰,1
串,穿,1
总,综,1
总,縂,4
陷,馅,1
烧,绍,1
烧,焼,1
执,指,1
执,职,1
培,陪,14
培,赔,2
窜,镩,1
记,纪,4
顶,定,1
悔,会,1
悔,恢,1
悔,诲,1
锻,缎,1
锻,段,2
爆,保,1
筏,法,1
项,象,1
项,向,1
刻,可,1
刻,克,2
刻,客,1
抛,跑,1
侧,测,1
敬,静,8
敬,迳,1
雇,顾,2
麻,马,1
望,忘,6
概,该,1
寐,昧,1
逍,消,2
消,小,1
消,销,1
消,肖,1
朗,郎,8
纰,批,1
砰,抨,2
技,记,1
技,机,6
丈,仗,4
丈,长,1
浃,夹,1
脱,拖,1
垃,拉,12
稍,少,1
挥,辉,2
毕,比,5
毕,必,2
帘,廉,1
贡,功,1
贡,供,1
钜,巨,1
奈,耐,1
凭,凴,4
凭,慿,1
凭,评,1
舍,舌,1
惯,贯,12
惯,观,1
惯,关,1
避,壁,2
避,闭,1
避,必,3
霉,每,1
戒,截,1
戒,皆,1
戒,节,1
戒,诫,2
沽,菇,1
压,亚,1
申,伸,3
宜,谊,2
宜,易,2
宜,意,1
警,敬,1
强,抢,1
夺,多,1
尤,由,11
尤,优,4
愣,楞,1
某,谋,3
类,颣,1
偕,谐,2
晓,暁,1
致,至,19
致,制,3
致,直,1
寞,莫,16
寞,漠,1
质,貭,1
质,置,1
质,制,1
铢,珠,1
协,恊,1
具,居,1
具,俱,1
具,据,1
秘,密,5
歧,岐,2
龄,领,5
龄,令,1
缔,谛,1
倾,顷,2
俯,附,1
罔,惘,1
准,凖,4
舞,午,3
谋,某,2
弃,气,1
筷,快,1
尊,遵,8
权,権,2
权,劝,1
反,翻,3
反,返,6
反,犯,1
反,烦,2
拥,佣,2
坚,健,1
坚,监,2
拨,播,1
嗜,适,1
嗜,是,1
迄,乞,1
忆,亿,1
忆,意,1
洲,州,36
固,孤,1
固,古,2
固,故,1
榜,傍,6
榜,棒,1
免,面,2
伟,伪,1
伟,韦,1
伟,卫,1
伟,违,1
伟,维,1
励,厉,4
励,力,9
励,历,9
供,共,6
供,贡,1
供,拱,2
击,激,1
迹,跻,1
啤,脾,1
贫,品,1
粮,良,2
农,浓,6
肯,恳,2
敢,赶,3
敢,感,4
术,述,5
术,束,1
偿,常,1
偿,尝,2
惦,掂,1
危,伟,1
危,威,6
牺,犠,1
研,验,3
研,严,1
朴,仆,1
朴,扑,1
拮,结,1
际,寄,1
蒂,帝,1
儆,警,1
尝,常,1
颐,以,1
熏,薰,3
触,处,11
触,楚,1
触,初,1
妁,说,1
辛,心,1
归,帰,1
归,规,1
究,就,1
闹,閙,1
算,祘,1
修,休,1
修,秀,1
叛,判,2
狠,恨,1
韧,忍,1
蔼,霭,1
瘁,粹,1
亚,亜,8
函,涵,3
酥,苏,3
殡,宾,1
仗,丈,1
仗,掌,1
键,建,4
键,健,2
豫,预,2
虚,嘘,1
激,极,2
译,意,1
择,択,1
择,泽,3
逝,失,2
祖,租,3
俐,利,1
绩,积,3
奏,揍,2
阶,介,4
阶,节,2
佩,赔,1
承,诚,1
承,成,2
承,称,2
牢,劳,3
禁,仅,2
禁,尽,1
惭,惨,2
惭,残,1
滥,烂,1
琐,锁,2
征,证,3
嘘,歔,1
祥,详,3
宽,寛,2
焰,炎,1
宝,保,3
杂,雑,1
毅,意,1
身,深,1
寓,喻,1
寓,于,1
革,格,1
悲,卑,1
搏,博,1
调,掉,1
秧,央,1
添,忝,1
添,填,2
颇,破,1
惠,慧,3
宗,综,1
配,陪,1
违,围,1
述,术,4
仁,人,5
举,据,2
举,擧,2
符,服,1
符,附,2
符,付,2
甘,干,2
劳,労,1
精,静,1
精,经,4
抬,台,1
孤,古,1
孤,鼓,1
猾,滑,2
桶,筒,4
谣,摇,2
姑,故,2
乎,呼,4
砍,坎,2
僵,疆,1
挽,晚,1
列,烈,1
蔓,漫,1
袒,谈,1
价,假,1
稳,穏,1
潮,朝,3
潮,超,1
拘,句,1
拘,局,1
胞,包,2
胞,饱,1
态,太,3
解,觧,1
解,结,8
解,节,1
讶,呀,5
讶,雅,1
沛,佩,1
钓,掉,1
静,精,2
躁,噪,2
躁,燥,4
悠,幽,2
悠,优,1
谊,宜,2
岗,冈,1
泛,范,2
饮,飮,1
谜,迷,1
湾,弯,1
阔,濶,1
勉,免,6
汲,记,1
汲,及,1
徨,惶,1
愚,遇,1
愚,禺,1
普,谱,1
苦,哭,2
访,仿,1
访,防,1
趋,去,1
铺,埔,1
虑,滤,5
扩,括,1
铃,领,1
脑,恼,6
脑,脳,1
律,率,2
洪,哄,1
燥,噪,1
汰,太,1
汰,态,1
邻,隣,2
拴,闩,1
崛,掘,2
吵,炒,1
吵,抄,2
吵,嘲,1
谓,胃,3
谓,为,6
谓,未,1
姻,因,1
坷,刻,1
艘,叟,1
袖,秀,1
挂,卦,2
娱,愉,1
瘾,隐,4
宛,婉,1
赖,莱,1
徒,途,2
徒,涂,1
仪,义,5
仪,意,1
仪,宜,1
姆,母,6
莫,漠,1
溺,腻,1
措,错,4
东,动,3
豪,毫,4
隧,随,1
涵,函,2
沙,砂,2
硬,应,1
障,章,3
仍,扔,2
峰,锋,1
漠,寞,1
漠,莫,1
漠,模,1
护,沪,1
护,户,6
味,为,3
迫,破,1
赴,负,1
帕,怕,2
鸦,雅,1
造,遭,4
洽,恰,1
鞭,便,1
裕,于,1
裕,欲,2
震,振,1
郊,交,1
堡,保,1
居,局,1
察,查,1
濡,儒,1
剔,惕,1
距,拒,1
距,矩,1
设,射,1
媳,息,1
婚,昏,1
扪,门,2
资,咨,1
息,悉,1
倡,昌,4
倡,唱,2
鲜,献,1
形,型,1
形,刑,1
荐,建,1
欣,心,2
许,需,2
许,须,1
搁,隔,1
趾,指,1
梦,蒙,1
遵,尊,8
遵,撙,1
阉,腌,1
竿,干,1
严,岩,1
严,炎,1
严,厳,1
严,巌,1
侨,乔,2
梢,稍,1
俱,具,3
篱,离,1
泊,迫,1
顽,玩,2
膜,莫,1
耐,奈,1
移,遗,1
彻,澈,1
殴,欧,1
岖,曲,1
噪,燥,1
毙,毖,1
滋,兹,1
皈,归,1
植,值,2
植,直,2
舆,与,1
魅,美,1
潜,前,1
潜,浅,1
胎,台,1
染,然,1
策,侧,1
废,费,1
控,空,4
界,戒,1
缓,环,2
冲,充,1
蓝,篮,1
纷,分,1
秒,妙,1
睦,目,1
嗓,桑,1
污,无,1
污,吴,1
污,物,1
污,误,2
污,圬,1
赡,善,1
骄,娇,1
涉,舍,1
慧,惠,2
扮,拌,1
焦,交,1
众,重,1
村,寸,1
盲,茫,1
破,坡,1
破,迫,1
呼,乎,2
胁,协,1
雾,务,1
雾,物,1
曲,屈,1
曲,去,1
曲,区,1
巷,项,1
授,受,2
阱,井,1
隘,碍,1
慰,微,1
厮,斯,1
亡,忘,2
亡,望,1
济,済,2
引,因,2
此,次,1
范,笵,1
范,泛,1
窦,豆,1
防,仿,1
寄,机,1
纸,志,1
饥,机,1
抵,低,1
献,现,1
泄,泻,1
端,断,1
端,段,1
益,溢,1
益,义,1
益,以,1
妥,托,1
愈,俞,1
援,缘,1
钝,顿,1
捐,绢,1
忽,乎,1
绅,审,1
凸,突,1
俏,悄,1
丹,旦,1
颁,办,2
典,点,1
巨,具,1
胃,渭,1
胃,味,1
吸,惜,1
喻,逾,1
肺,腓,1
扰,饶,1
截,接,1
圾,及,1
险,険,3
厌,严,1
顾,故,1
皮,疲,1
审,神,1
跨,夸,1
柜,贵,1
续,序,1
彼,比,2
确,却,5
政,整,1
孰,熟,1
碳,炭,1
威,危,1
随,隋,1
萌,蒙,1
鄙,敝,1
蹋,塌,1
齐,其,1
尴,肝,1
演,眼,1
匪,非,1
扭,忸,1
唐,堂,1
逻,罗,1
络,落,1
密,蜜,1
辩,辨,1
丐,概,1
泪,涙,1
熄,息,1
寸,吋,1
综,总,1
览,揽,1
求,球,1
组,租,1
区,去,1
妹,梅,1
旋,玄,1
扬,杨,1
曼,漫,1
遏,厄,1
稚,治,1
腻,逆,1
显,顕,1
